date,tmax,tmin,precip,wind,rh
2023-01-01,21.6,10.7,0.0,12.6,59.0
2023-01-02,21.0,10.2,0.0,12.3,64.16666666666667
2023-01-03,20.8,9.6,0.0,11.9,67.16666666666667
2023-01-04,18.0,9.7,0.8,14.1,80.70833333333333
2023-01-05,17.2,9.3,0.1,13.0,81.95833333333333
2023-01-06,19.7,8.5,0.0,14.0,50.791666666666664
2023-01-07,20.0,8.4,0.0,16.7,34.125
2023-01-08,21.5,9.0,0.0,13.9,30.25
2023-01-09,24.0,11.3,0.0,10.1,29.541666666666668
2023-01-10,23.9,10.0,0.0,10.0,37.166666666666664
2023-01-11,23.7,10.1,0.0,11.2,43.083333333333336
2023-01-12,23.9,8.6,0.0,9.0,49.625
2023-01-13,24.4,11.0,0.0,10.9,48.041666666666664
2023-01-14,23.1,10.7,0.0,12.2,58.083333333333336
2023-01-15,21.8,9.6,0.0,12.5,63.5
2023-01-16,23.3,8.6,0.0,18.0,59.833333333333336
2023-01-17,20.7,10.1,1.9,11.3,67.08333333333333
2023-01-18,23.6,10.6,0.0,11.8,56.0
2023-01-19,23.7,11.2,0.0,11.5,61.458333333333336
2023-01-20,23.4,12.4,0.0,12.5,62.25
2023-01-21,24.3,14.1,0.0,12.6,59.416666666666664
2023-01-22,24.0,14.4,0.0,13.3,52.25
2023-01-23,24.3,13.8,0.0,10.9,48.25
2023-01-24,24.1,13.0,0.0,12.4,46.875
2023-01-25,25.1,16.7,0.0,11.1,51.5
2023-01-26,25.9,13.8,0.0,17.1,58.083333333333336
2023-01-27,24.9,13.7,0.1,15.8,71.0
2023-01-28,25.6,12.6,0.1,14.5,66.75
2023-01-29,24.9,15.3,0.0,10.9,53.333333333333336
2023-01-30,25.3,15.1,0.0,12.6,54.25
2023-01-31,24.0,13.7,0.0,18.4,61.291666666666664
2023-02-01,23.6,11.1,0.0,17.1,49.625
2023-02-02,24.7,8.8,0.0,16.6,33.583333333333336
2023-02-03,24.8,9.2,0.0,14.2,34.541666666666664
2023-02-04,24.5,11.0,0.0,13.3,31.208333333333332
2023-02-05,24.9,11.9,0.0,13.7,38.583333333333336
2023-02-06,25.3,13.9,0.0,11.5,38.333333333333336
2023-02-07,25.5,14.3,0.0,14.0,33.833333333333336
2023-02-08,24.4,13.6,0.0,13.2,42.666666666666664
2023-02-09,26.6,12.2,0.0,13.1,36.708333333333336
2023-02-10,27.8,13.7,0.0,12.0,33.375
2023-02-11,27.7,15.2,0.0,16.5,29.916666666666668
2023-02-12,23.4,11.3,0.0,19.1,42.541666666666664
2023-02-13,24.0,9.6,0.0,12.5,34.208333333333336
2023-02-14,24.8,11.0,0.0,12.7,30.041666666666668
2023-02-15,26.1,13.8,0.0,18.2,32.25
2023-02-16,25.5,12.3,0.0,16.4,41.958333333333336
2023-02-17,24.9,13.5,0.0,11.9,44.0
2023-02-18,26.7,15.1,0.0,12.1,44.416666666666664
2023-02-19,28.7,15.5,0.0,11.3,43.5
2023-02-20,28.8,13.6,0.0,11.2,40.583333333333336
2023-02-21,30.7,16.3,0.0,11.9,25.75
2023-02-22,29.8,16.1,0.0,12.7,22.416666666666668
2023-02-23,28.9,14.9,0.0,12.6,30.541666666666668
2023-02-24,29.2,17.9,0.0,13.5,35.125
2023-02-25,29.1,16.9,0.0,13.8,32.791666666666664
2023-02-26,28.8,17.3,0.0,14.2,30.25
2023-02-27,28.1,17.1,0.0,13.1,28.083333333333332
2023-02-28,27.9,17.3,0.0,10.7,32.625
2023-03-01,28.7,18.0,0.0,11.8,30.541666666666668
2023-03-02,28.6,18.7,0.0,12.6,31.25
2023-03-03,29.6,18.6,0.0,15.6,27.208333333333332
2023-03-04,30.4,17.9,0.0,15.6,23.166666666666668
2023-03-05,29.2,18.7,0.0,15.0,35.083333333333336
2023-03-06,29.5,18.1,0.0,14.1,34.375
2023-03-07,25.4,17.1,0.8,14.0,42.416666666666664
2023-03-08,27.9,14.9,0.4,11.8,47.166666666666664
2023-03-09,27.3,17.0,0.0,12.2,40.458333333333336
2023-03-10,27.4,17.3,2.2,16.0,34.5
2023-03-11,29.4,16.8,0.0,15.0,34.125
2023-03-12,30.3,17.5,0.0,13.0,34.208333333333336
2023-03-13,31.4,18.6,0.8,14.8,30.833333333333332
2023-03-14,30.3,18.9,0.0,13.0,30.458333333333332
2023-03-15,28.7,18.2,0.0,13.9,32.916666666666664
2023-03-16,25.4,18.1,1.1,11.8,44.958333333333336
2023-03-17,27.0,16.7,0.8,14.0,57.041666666666664
2023-03-18,24.1,15.9,0.6,11.7,67.875
2023-03-19,22.8,14.3,11.3,10.9,77.625
2023-03-20,22.7,12.9,7.9,11.6,69.5
2023-03-21,23.0,13.0,3.8,15.8,71.25
2023-03-22,25.6,14.2,1.4,9.9,62.75
2023-03-23,25.3,14.8,0.0,9.4,52.375
2023-03-24,26.6,17.0,0.4,10.3,53.333333333333336
2023-03-25,28.0,19.0,0.5,9.8,54.916666666666664
2023-03-26,27.3,18.7,3.4,10.4,53.708333333333336
2023-03-27,26.6,17.8,0.0,14.2,58.041666666666664
2023-03-28,27.8,17.7,0.0,14.1,50.791666666666664
2023-03-29,29.2,17.9,0.0,13.9,40.833333333333336
2023-03-30,29.5,19.0,11.0,17.1,57.125
2023-03-31,26.6,15.7,12.9,12.3,67.25
2023-04-01,25.8,14.8,0.4,16.3,56.458333333333336
2023-04-02,26.8,16.2,0.2,17.9,46.25
2023-04-03,28.1,16.2,0.0,15.8,39.041666666666664
2023-04-04,30.0,19.9,0.0,16.6,37.083333333333336
2023-04-05,28.0,19.1,0.1,17.7,42.541666666666664
2023-04-06,30.1,19.2,0.0,16.3,35.375
2023-04-07,30.7,19.4,0.0,11.8,34.416666666666664
2023-04-08,26.9,18.6,0.5,14.1,53.041666666666664
2023-04-09,29.0,17.6,1.3,9.2,52.875
2023-04-10,31.1,18.0,0.0,12.1,39.791666666666664
2023-04-11,32.4,20.9,0.0,13.7,26.5
2023-04-12,33.8,21.3,0.0,12.9,25.875
2023-04-13,34.8,21.6,0.0,14.8,29.625
2023-04-14,34.4,22.9,0.0,16.3,31.916666666666668
2023-04-15,33.7,22.8,0.0,16.7,31.25
2023-04-16,31.6,22.1,0.0,15.9,36.958333333333336
2023-04-17,34.7,21.2,0.0,12.7,28.541666666666668
2023-04-18,35.4,24.7,0.2,18.4,25.458333333333332
2023-04-19,34.5,23.7,1.0,15.5,26.791666666666668
2023-04-20,32.3,23.8,0.6,23.0,32.291666666666664
2023-04-21,31.5,19.0,0.4,17.9,38.833333333333336
2023-04-22,29.6,18.7,1.9,14.1,45.416666666666664
2023-04-23,28.6,16.6,4.8,13.0,59.583333333333336
2023-04-24,29.2,16.9,0.0,14.8,53.208333333333336
2023-04-25,30.4,17.2,0.0,14.7,56.458333333333336
2023-04-26,30.3,18.2,0.0,10.5,52.375
2023-04-27,30.3,19.7,3.1,12.6,51.958333333333336
2023-04-28,29.4,19.6,3.1,14.2,52.583333333333336
2023-04-29,26.9,17.2,8.7,13.0,66.83333333333333
2023-04-30,23.9,16.1,17.9,13.7,80.25
2023-05-01,23.8,15.9,3.0,20.9,83.16666666666667
2023-05-02,24.9,16.2,2.0,11.7,79.29166666666667
2023-05-03,23.9,17.8,1.9,10.2,77.04166666666667
2023-05-04,27.9,16.9,0.4,9.1,70.45833333333333
2023-05-05,27.1,18.7,3.9,8.0,69.83333333333333
2023-05-06,29.4,19.2,0.0,11.6,49.875
2023-05-07,30.9,21.4,0.0,10.0,45.791666666666664
2023-05-08,30.5,20.2,0.7,14.2,53.583333333333336
2023-05-09,32.6,22.1,0.0,12.8,43.75
2023-05-10,33.0,22.7,0.0,13.7,26.0
2023-05-11,32.9,22.4,0.0,15.1,22.833333333333332
2023-05-12,33.2,21.5,0.0,16.8,26.958333333333332
2023-05-13,34.2,22.6,0.0,22.7,29.333333333333332
2023-05-14,34.2,22.6,0.0,18.0,30.75
2023-05-15,34.0,23.8,0.0,23.4,28.375
2023-05-16,34.8,23.3,0.0,14.5,32.875
2023-05-17,33.9,22.4,0.0,13.1,40.458333333333336
2023-05-18,34.4,22.3,0.0,16.5,34.791666666666664
2023-05-19,34.7,23.5,0.0,17.4,36.041666666666664
2023-05-20,34.3,24.4,0.0,10.2,35.166666666666664
2023-05-21,36.7,23.3,0.0,12.0,29.708333333333332
2023-05-22,34.6,22.0,0.2,20.6,33.083333333333336
2023-05-23,34.8,25.1,0.0,17.1,34.291666666666664
2023-05-24,34.9,24.7,0.0,16.1,32.833333333333336
2023-05-25,33.6,24.6,0.0,17.9,33.375
2023-05-26,32.3,21.9,0.0,19.5,43.125
2023-05-27,32.3,20.2,6.5,17.5,59.291666666666664
2023-05-28,33.3,20.4,0.3,13.3,51.291666666666664
2023-05-29,31.4,22.0,2.4,11.5,52.833333333333336
2023-05-30,33.6,23.1,0.0,11.2,41.416666666666664
2023-05-31,33.5,23.6,0.0,12.0,40.875
2023-06-01,33.7,23.9,0.0,13.7,33.625
2023-06-02,34.6,23.3,0.0,17.4,31.875
2023-06-03,33.4,23.8,0.0,13.6,39.833333333333336
2023-06-04,33.1,24.2,0.2,13.8,42.375
2023-06-05,31.3,22.9,2.1,12.7,50.666666666666664
2023-06-06,32.9,23.4,0.0,10.5,42.791666666666664
2023-06-07,33.6,24.1,0.0,13.5,40.75
2023-06-08,33.9,23.6,0.0,13.8,33.125
2023-06-09,33.8,24.1,0.0,16.8,33.75
2023-06-10,34.7,23.8,0.0,16.3,36.541666666666664
2023-06-11,34.9,24.7,0.0,16.9,36.375
2023-06-12,34.8,25.2,0.0,16.6,38.791666666666664
2023-06-13,35.3,22.9,0.3,20.3,45.958333333333336
2023-06-14,33.2,23.3,4.7,22.5,52.875
2023-06-15,33.8,26.2,0.3,20.7,44.875
2023-06-16,34.9,25.2,0.0,16.0,38.125
2023-06-17,34.9,25.7,0.2,18.4,40.083333333333336
2023-06-18,35.3,26.0,0.0,19.0,41.541666666666664
2023-06-19,35.4,25.6,0.1,17.6,42.083333333333336
2023-06-20,34.6,25.0,0.0,17.1,46.916666666666664
2023-06-21,34.3,22.3,4.1,15.9,62.458333333333336
2023-06-22,32.1,22.0,21.3,12.6,76.91666666666667
2023-06-23,26.0,21.5,26.6,10.3,86.66666666666667
2023-06-24,29.2,20.9,13.2,13.4,84.20833333333333
2023-06-25,27.4,21.0,18.4,13.7,85.04166666666667
2023-06-26,25.7,20.3,27.5,18.3,88.125
2023-06-27,26.0,20.8,23.6,13.7,88.75
2023-06-28,24.5,20.8,16.9,11.5,90.29166666666667
2023-06-29,27.4,20.7,17.5,18.5,86.54166666666667
2023-06-30,25.7,20.8,12.8,16.6,86.5
2023-07-01,29.3,21.1,2.6,16.7,78.08333333333333
2023-07-02,28.4,20.9,4.5,13.0,82.04166666666667
2023-07-03,28.9,21.4,5.8,9.0,79.0
2023-07-04,29.0,21.2,17.2,12.9,83.375
2023-07-05,28.3,20.7,9.6,12.3,86.20833333333333
2023-07-06,29.3,21.1,10.5,6.8,86.45833333333333
2023-07-07,26.7,20.6,23.9,13.1,93.29166666666667
2023-07-08,26.0,20.4,9.2,15.3,90.95833333333333
2023-07-09,26.3,20.3,9.1,12.5,87.08333333333333
2023-07-10,26.7,20.6,7.8,12.0,85.5
2023-07-11,26.9,20.8,3.5,10.8,88.5
2023-07-12,27.5,20.7,2.5,10.9,87.16666666666667
2023-07-13,27.9,21.1,4.9,14.2,84.375
2023-07-14,26.3,20.9,29.2,10.5,89.45833333333333
2023-07-15,26.2,20.4,6.5,9.0,89.04166666666667
2023-07-16,27.7,20.5,12.6,12.1,85.41666666666667
2023-07-17,27.3,20.7,23.4,11.1,88.625
2023-07-18,27.2,20.6,9.2,13.3,85.625
2023-07-19,27.9,20.9,9.2,13.4,85.125
2023-07-20,27.5,21.1,4.7,14.0,86.25
2023-07-21,26.9,21.6,9.5,19.5,88.125
2023-07-22,26.7,20.5,13.3,16.1,90.95833333333333
2023-07-23,26.1,20.5,6.7,16.3,91.0
2023-07-24,26.9,20.2,3.0,12.3,88.25
2023-07-25,28.4,20.6,1.3,14.3,80.79166666666667
2023-07-26,29.7,21.9,0.4,17.5,73.375
2023-07-27,28.0,21.6,2.9,12.6,81.5
2023-07-28,28.6,21.4,21.2,14.4,85.375
2023-07-29,28.7,21.4,4.9,18.4,81.625
2023-07-30,26.7,21.4,6.8,18.9,83.29166666666667
2023-07-31,28.9,20.5,13.7,17.1,84.04166666666667
2023-08-01,24.9,20.8,10.0,20.7,89.04166666666667
2023-08-02,22.9,21.0,68.6,34.5,91.41666666666667
2023-08-03,24.3,20.6,158.5,18.4,92.25
2023-08-04,25.0,20.4,14.1,29.8,89.04166666666667
2023-08-05,26.5,20.5,3.8,20.9,83.04166666666667
2023-08-06,26.5,21.2,1.3,23.1,84.04166666666667
2023-08-07,26.3,20.8,4.1,18.4,80.5
2023-08-08,27.8,20.3,0.6,17.6,76.45833333333333
2023-08-09,26.8,20.2,0.0,18.3,77.20833333333333
2023-08-10,28.0,20.7,0.6,14.1,75.58333333333333
2023-08-11,27.9,21.5,1.4,10.8,77.5
2023-08-12,27.4,20.1,2.0,14.9,78.75
2023-08-13,27.8,20.2,1.5,11.3,75.20833333333333
2023-08-14,25.6,20.4,14.4,6.6,87.25
2023-08-15,26.6,19.3,12.5,6.1,85.0
2023-08-16,28.4,20.3,1.2,10.4,82.625
2023-08-17,27.6,20.7,20.1,17.1,87.125
2023-08-18,27.3,20.4,3.6,14.9,86.25
2023-08-19,25.3,20.4,11.1,14.0,91.95833333333333
2023-08-20,26.1,20.5,3.8,14.3,89.5
2023-08-21,27.5,20.2,1.5,10.1,86.5
2023-08-22,27.5,21.0,37.3,8.0,88.29166666666667
2023-08-23,27.5,20.6,11.6,11.3,86.66666666666667
2023-08-24,26.4,19.9,2.8,17.7,85.29166666666667
2023-08-25,26.5,19.9,2.0,16.4,80.125
2023-08-26,28.0,20.6,0.5,18.1,75.20833333333333
2023-08-27,28.2,20.3,0.0,18.0,73.0
2023-08-28,26.8,19.2,0.9,15.3,73.04166666666667
2023-08-29,27.1,18.4,0.5,15.8,75.04166666666667
2023-08-30,27.3,18.0,1.1,14.7,78.33333333333333
2023-08-31,28.2,18.9,2.0,10.8,74.375
2023-09-01,28.5,20.1,4.2,7.3,75.25
2023-09-02,29.8,20.6,0.7,12.9,70.58333333333333
2023-09-03,28.5,22.3,2.6,17.3,72.83333333333333
2023-09-04,28.8,20.8,1.6,18.4,73.58333333333333
2023-09-05,25.4,20.1,8.2,13.3,90.83333333333333
2023-09-06,23.9,19.9,9.9,14.1,92.83333333333333
2023-09-07,24.7,19.6,7.9,11.9,92.20833333333333
2023-09-08,25.4,20.3,4.9,11.4,91.375
2023-09-09,25.5,19.8,4.8,16.3,92.5
2023-09-10,25.0,20.1,2.8,16.6,92.0
2023-09-11,25.5,20.2,2.7,8.3,89.91666666666667
2023-09-12,26.6,20.1,12.4,10.5,87.41666666666667
2023-09-13,27.2,19.9,14.4,12.6,87.04166666666667
2023-09-14,26.7,20.5,4.0,16.8,87.95833333333333
2023-09-15,23.2,20.0,23.9,18.9,96.91666666666667
2023-09-16,25.6,19.9,3.6,17.7,89.91666666666667
2023-09-17,27.3,19.5,1.6,13.0,82.41666666666667
2023-09-18,27.4,19.1,4.6,7.1,84.875
2023-09-19,27.3,19.3,1.3,11.9,82.5
2023-09-20,27.5,21.1,9.9,14.3,83.70833333333333
2023-09-21,26.5,20.5,15.4,16.2,88.5
2023-09-22,26.0,20.2,1.7,12.8,87.75
2023-09-23,27.4,19.7,1.7,12.1,86.54166666666667
2023-09-24,27.1,19.2,1.7,10.7,83.5
2023-09-25,27.6,18.9,0.1,10.1,76.54166666666667
2023-09-26,27.5,19.5,0.5,7.3,78.20833333333333
2023-09-27,26.3,20.3,8.1,8.5,83.66666666666667
2023-09-28,27.2,19.8,9.7,8.0,85.08333333333333
2023-09-29,26.8,20.2,1.0,10.6,81.5
2023-09-30,27.1,19.9,0.9,12.4,83.58333333333333
2023-10-01,26.4,20.2,2.2,15.1,84.45833333333333
2023-10-02,24.9,20.4,3.2,21.8,87.58333333333333
2023-10-03,24.9,19.8,5.2,27.8,82.125
2023-10-04,26.2,19.4,0.0,24.2,66.125
2023-10-05,27.0,19.4,0.0,16.4,72.16666666666667
2023-10-06,27.4,19.9,0.0,13.3,67.29166666666667
2023-10-07,28.4,17.1,0.0,13.0,58.625
2023-10-08,28.7,18.5,0.0,12.0,63.25
2023-10-09,29.7,18.9,0.0,11.5,65.45833333333333
2023-10-10,29.5,19.2,0.0,10.5,62.708333333333336
2023-10-11,29.7,18.5,0.0,9.2,58.25
2023-10-12,28.6,19.4,0.0,12.0,57.541666666666664
2023-10-13,28.1,20.1,0.0,10.5,56.041666666666664
2023-10-14,28.6,18.6,0.0,10.8,49.25
2023-10-15,28.2,17.9,0.0,6.6,52.833333333333336
2023-10-16,27.5,19.0,0.8,6.9,56.875
2023-10-17,26.6,18.6,1.4,7.3,63.291666666666664
2023-10-18,25.2,17.1,0.0,9.4,70.83333333333333
2023-10-19,25.0,17.4,0.1,10.0,70.54166666666667
2023-10-20,25.3,17.5,0.0,12.2,59.25
2023-10-21,25.8,15.8,0.0,11.6,51.625
2023-10-22,25.2,16.0,0.0,12.2,53.333333333333336
2023-10-23,24.1,15.3,0.0,12.6,54.875
2023-10-24,25.2,15.2,0.0,13.1,61.583333333333336
2023-10-25,25.3,15.6,0.0,12.0,53.958333333333336
2023-10-26,24.6,14.6,0.0,12.4,52.75
2023-10-27,25.2,15.5,0.0,10.5,46.541666666666664
2023-10-28,25.3,16.4,0.0,10.9,46.208333333333336
2023-10-29,25.4,17.3,0.0,11.2,46.5
2023-10-30,25.3,15.5,0.0,9.4,53.666666666666664
2023-10-31,25.6,16.9,0.0,10.2,58.625
2023-11-01,25.6,16.7,0.0,8.9,64.125
2023-11-02,23.5,16.8,14.2,13.1,77.66666666666667
2023-11-03,24.6,16.2,0.4,9.4,69.41666666666667
2023-11-04,25.7,16.4,0.0,13.6,54.333333333333336
2023-11-05,25.5,16.3,0.0,12.6,47.0
2023-11-06,26.2,15.9,0.0,14.7,42.75
2023-11-07,25.8,16.3,0.0,15.3,43.208333333333336
2023-11-08,26.4,14.7,0.0,14.5,41.0
2023-11-09,27.2,16.2,0.0,15.2,44.416666666666664
2023-11-10,27.1,17.7,0.0,12.0,43.791666666666664
2023-11-11,28.1,17.0,0.0,10.1,44.958333333333336
2023-11-12,26.9,14.3,0.0,11.2,52.125
2023-11-13,24.2,15.3,0.3,10.1,64.04166666666667
2023-11-14,25.6,15.4,0.0,8.7,58.708333333333336
2023-11-15,23.8,14.9,0.0,12.0,57.208333333333336
2023-11-16,23.1,14.1,0.0,11.5,58.708333333333336
2023-11-17,23.9,14.6,0.0,11.2,65.08333333333333
2023-11-18,24.9,15.2,0.0,9.4,67.5
2023-11-19,24.9,15.2,0.0,10.1,65.16666666666667
2023-11-20,24.7,15.7,0.0,11.6,61.208333333333336
2023-11-21,25.5,14.7,0.0,11.2,61.125
2023-11-22,25.7,13.6,0.0,9.7,61.333333333333336
2023-11-23,25.1,14.0,0.0,9.0,54.666666666666664
2023-11-24,25.1,14.3,0.0,9.8,53.25
2023-11-25,24.5,14.4,0.0,10.9,50.458333333333336
2023-11-26,22.9,12.5,0.0,10.7,53.375
2023-11-27,19.7,13.3,0.1,7.6,56.833333333333336
2023-11-28,15.9,12.8,19.5,6.4,78.41666666666667
2023-11-29,21.1,12.2,1.2,8.7,79.04166666666667
2023-11-30,22.8,16.0,1.3,12.3,75.125
2023-12-01,21.9,14.6,1.5,7.9,81.41666666666667
2023-12-02,23.2,15.0,0.1,8.7,80.875
2023-12-03,23.3,13.9,0.0,11.0,78.04166666666667
2023-12-04,23.8,15.1,0.0,13.0,74.54166666666667
2023-12-05,20.8,15.4,2.6,8.7,81.625
2023-12-06,17.5,14.6,6.5,12.0,92.375
2023-12-07,17.4,13.7,12.3,12.8,93.375
2023-12-08,19.2,12.4,0.1,10.7,86.58333333333333
2023-12-09,20.4,12.4,0.0,12.4,70.25
2023-12-10,19.8,11.1,0.0,7.9,68.16666666666667
2023-12-11,21.1,11.3,0.0,4.8,65.16666666666667
2023-12-12,20.9,10.9,0.0,8.4,67.66666666666667
2023-12-13,20.7,11.8,0.0,8.7,68.08333333333333
2023-12-14,20.4,10.4,0.0,10.4,61.75
2023-12-15,20.3,10.4,0.0,9.6,58.375
2023-12-16,20.6,10.4,0.0,5.0,61.458333333333336
2023-12-17,19.2,10.5,0.0,10.1,64.08333333333333
2023-12-18,17.7,9.2,0.0,13.0,63.5
2023-12-19,18.2,7.9,0.0,13.3,60.458333333333336
2023-12-20,19.4,7.4,0.0,12.5,60.333333333333336
2023-12-21,21.2,7.5,0.0,8.9,57.958333333333336
2023-12-22,21.8,8.2,0.0,7.6,60.208333333333336
2023-12-23,22.6,11.5,0.0,7.3,56.958333333333336
2023-12-24,23.8,12.2,0.0,6.9,62.958333333333336
2023-12-25,23.9,11.5,0.0,10.7,64.66666666666667
2023-12-26,23.2,11.3,0.0,10.0,57.916666666666664
2023-12-27,24.1,10.5,0.0,6.0,56.916666666666664
2023-12-28,22.8,11.5,0.0,8.1,62.875
2023-12-29,23.7,11.7,0.0,7.2,62.416666666666664
2023-12-30,23.4,11.9,0.0,8.8,69.0
2023-12-31,23.0,12.1,0.0,12.2,67.66666666666667
2024-01-01,23.8,11.6,0.0,7.6,60.666666666666664
2024-01-02,22.3,12.5,0.3,8.8,62.333333333333336
2024-01-03,22.2,12.8,0.0,10.1,65.29166666666667
2024-01-04,21.8,12.7,0.0,8.3,62.75
2024-01-05,21.8,13.3,0.0,13.7,59.25
2024-01-06,19.4,12.5,0.2,8.8,74.20833333333333
2024-01-07,20.5,11.2,1.2,7.6,83.08333333333333
2024-01-08,22.2,11.1,1.0,7.7,70.375
2024-01-09,23.8,12.6,0.2,10.6,65.58333333333333
2024-01-10,24.0,12.9,0.0,8.7,71.20833333333333
2024-01-11,21.8,11.6,2.0,10.7,79.33333333333333
2024-01-12,23.3,10.2,0.0,12.4,66.16666666666667
2024-01-13,24.7,9.1,0.0,10.9,56.208333333333336
2024-01-14,23.0,10.8,0.0,12.4,57.25
2024-01-15,23.0,10.0,0.0,8.7,59.458333333333336
2024-01-16,22.5,7.8,0.0,8.3,65.25
2024-01-17,21.9,10.7,0.6,14.3,63.333333333333336
2024-01-18,22.8,11.1,0.0,10.0,62.333333333333336
2024-01-19,19.8,9.7,0.0,8.9,60.25
2024-01-20,18.2,9.2,5.3,13.0,79.04166666666667
2024-01-21,21.8,9.9,1.8,10.1,68.45833333333333
2024-01-22,20.4,9.3,0.0,9.9,56.833333333333336
2024-01-23,15.8,11.3,4.2,7.2,82.625
2024-01-24,20.0,9.2,0.0,10.8,61.916666666666664
2024-01-25,18.2,8.6,0.0,11.5,40.083333333333336
2024-01-26,20.3,7.7,0.0,7.1,46.458333333333336
2024-01-27,22.4,8.3,0.0,6.2,44.625
2024-01-28,22.7,10.0,0.0,13.1,45.666666666666664
2024-01-29,24.7,12.0,0.0,12.1,45.916666666666664
2024-01-30,23.8,10.8,0.0,12.9,52.5
2024-01-31,22.7,11.8,0.0,14.5,63.375
2024-02-01,22.2,13.1,1.5,14.8,71.33333333333333
2024-02-02,23.3,12.6,0.0,14.0,50.541666666666664
2024-02-03,24.1,10.0,0.0,11.7,45.708333333333336
2024-02-04,26.3,11.4,0.0,11.8,46.416666666666664
2024-02-05,27.2,15.6,0.5,20.2,48.916666666666664
2024-02-06,27.3,13.8,0.0,19.5,61.666666666666664
2024-02-07,25.1,12.0,0.0,14.1,66.66666666666667
2024-02-08,21.3,8.8,0.0,14.1,41.125
2024-02-09,20.9,6.9,0.0,11.4,38.25
2024-02-10,24.1,10.8,0.0,10.1,41.708333333333336
2024-02-11,22.4,12.2,4.1,11.3,69.04166666666667
2024-02-12,22.8,12.2,8.8,15.7,76.91666666666667
2024-02-13,24.1,12.8,5.1,15.8,70.125
2024-02-14,24.1,13.9,2.8,16.4,72.29166666666667
2024-02-15,21.7,12.4,7.5,11.9,79.54166666666667
2024-02-16,25.5,13.3,0.1,14.1,63.958333333333336
2024-02-17,25.6,12.3,0.0,17.1,52.875
2024-02-18,26.5,13.8,0.0,15.5,56.125
2024-02-19,27.8,16.0,0.0,13.6,52.166666666666664
2024-02-20,27.6,14.5,0.0,18.2,44.166666666666664
2024-02-21,27.0,14.3,0.0,22.1,45.541666666666664
2024-02-22,25.0,14.5,0.0,20.1,47.833333333333336
2024-02-23,22.7,12.6,0.1,14.7,52.583333333333336
2024-02-24,23.4,12.5,0.1,14.9,50.333333333333336
2024-02-25,23.0,12.3,0.0,14.7,59.5
2024-02-26,24.8,13.0,0.9,12.8,70.08333333333333
2024-02-27,26.2,14.6,13.8,21.9,78.45833333333333
2024-02-28,25.8,13.1,0.3,15.3,68.875
2024-02-29,26.3,12.4,0.0,15.0,54.875
2024-03-01,28.5,14.2,0.0,12.4,42.833333333333336
2024-03-02,26.7,16.9,1.3,12.2,48.5
2024-03-03,25.2,15.7,7.9,16.0,67.58333333333333
2024-03-04,26.4,14.4,0.3,17.3,57.583333333333336
2024-03-05,27.5,13.2,0.0,13.0,58.625
2024-03-06,26.7,11.3,0.8,18.2,50.0
2024-03-07,26.1,13.7,0.0,15.1,42.375
2024-03-08,26.7,14.7,0.0,18.5,39.541666666666664
2024-03-09,27.8,13.9,0.0,17.4,37.083333333333336
2024-03-10,29.3,14.4,0.0,12.4,42.541666666666664
2024-03-11,31.3,16.1,0.0,17.7,39.541666666666664
2024-03-12,30.0,17.2,0.0,18.4,39.583333333333336
2024-03-13,30.9,17.3,0.0,25.1,35.458333333333336
2024-03-14,30.7,16.9,0.0,20.9,32.791666666666664
2024-03-15,30.6,15.1,0.0,18.4,29.125
2024-03-16,29.5,17.9,0.0,13.6,37.083333333333336
2024-03-17,29.0,17.3,0.2,14.1,50.708333333333336
2024-03-18,25.4,15.8,2.5,16.2,68.45833333333333
2024-03-19,23.4,14.9,9.7,16.2,76.41666666666667
2024-03-20,24.2,13.2,0.1,18.5,65.875
2024-03-21,26.1,14.3,0.0,15.9,45.958333333333336
2024-03-22,27.5,13.5,0.0,14.5,48.541666666666664
2024-03-23,30.1,17.3,0.0,19.3,37.041666666666664
2024-03-24,31.9,18.4,0.0,14.2,34.791666666666664
2024-03-25,31.0,20.3,0.5,18.5,36.0
2024-03-26,30.8,19.3,0.0,15.3,37.0
2024-03-27,32.2,18.5,0.0,11.2,37.291666666666664
2024-03-28,33.8,21.7,0.0,15.1,32.0
2024-03-29,34.9,22.3,0.8,10.2,32.666666666666664
2024-03-30,33.1,20.3,1.6,19.4,41.416666666666664
2024-03-31,30.3,21.3,1.2,13.7,46.166666666666664
2024-04-01,33.7,18.8,0.0,24.3,37.916666666666664
2024-04-02,34.2,19.3,0.0,19.5,31.083333333333332
2024-04-03,34.4,20.4,0.0,15.7,32.125
2024-04-04,35.6,21.9,0.0,20.2,30.0
2024-04-05,34.2,20.2,0.0,15.9,28.333333333333332
2024-04-06,33.7,22.1,0.0,18.1,30.166666666666668
2024-04-07,27.7,17.3,7.7,26.1,49.5
2024-04-08,25.3,16.5,3.0,17.5,65.79166666666667
2024-04-09,28.1,16.3,0.0,18.2,58.875
2024-04-10,27.9,19.0,11.7,10.6,59.541666666666664
2024-04-11,25.9,16.9,8.0,12.3,69.04166666666667
2024-04-12,27.0,15.9,1.0,13.0,64.91666666666667
2024-04-13,28.5,18.7,1.2,11.8,57.0
2024-04-14,30.1,18.5,0.3,11.8,55.833333333333336
2024-04-15,32.4,20.7,2.0,15.2,51.708333333333336
2024-04-16,32.7,20.2,0.0,11.8,46.083333333333336
2024-04-17,33.2,19.2,0.0,18.2,40.208333333333336
2024-04-18,33.7,20.3,0.0,15.6,32.833333333333336
2024-04-19,35.2,20.2,0.0,17.1,31.333333333333332
2024-04-20,35.1,22.7,0.0,15.8,30.666666666666668
2024-04-21,35.0,23.3,0.0,19.0,28.75
2024-04-22,30.6,19.3,5.0,23.9,48.958333333333336
2024-04-23,32.0,20.5,0.0,18.4,47.125
2024-04-24,33.0,19.6,0.0,17.1,38.291666666666664
2024-04-25,34.9,21.3,0.0,17.7,31.25
2024-04-26,35.4,20.1,0.0,14.3,33.791666666666664
2024-04-27,35.2,21.0,2.1,17.7,42.166666666666664
2024-04-28,33.4,21.8,0.5,14.8,44.541666666666664
2024-04-29,35.1,20.9,0.0,17.3,40.833333333333336
2024-04-30,35.7,23.5,0.0,21.7,33.75
2024-05-01,35.7,20.7,0.0,25.9,26.5
2024-05-02,33.8,21.0,0.0,18.9,17.583333333333332
2024-05-03,34.8,20.9,0.0,13.8,17.875
2024-05-04,36.0,21.8,0.0,13.5,17.791666666666668
2024-05-05,38.2,24.5,0.0,15.4,18.25
2024-05-06,37.0,26.1,0.0,21.0,24.083333333333332
2024-05-07,35.3,22.7,0.3,23.1,34.625
2024-05-08,32.1,21.0,0.0,15.3,48.416666666666664
2024-05-09,33.8,22.1,0.3,18.9,47.375
2024-05-10,34.3,19.8,1.2,19.0,49.041666666666664
2024-05-11,34.9,21.8,0.0,24.5,43.0
2024-05-12,35.0,22.5,0.0,13.4,39.75
2024-05-13,32.8,23.5,0.3,11.0,41.666666666666664
2024-05-14,33.7,22.6,0.2,11.9,44.708333333333336
2024-05-15,33.2,21.2,3.3,16.4,49.166666666666664
2024-05-16,32.9,23.5,0.4,15.6,46.833333333333336
2024-05-17,30.4,23.8,0.6,11.4,53.791666666666664
2024-05-18,32.7,21.4,0.2,18.2,53.916666666666664
2024-05-19,34.6,21.8,0.1,14.5,49.416666666666664
2024-05-20,35.4,23.3,2.7,14.6,42.375
2024-05-21,36.3,23.7,0.0,20.7,38.833333333333336
2024-05-22,36.5,24.4,0.0,14.0,38.125
2024-05-23,35.5,23.9,0.0,18.1,39.458333333333336
2024-05-24,33.1,21.9,10.9,13.3,63.375
2024-05-25,32.4,22.5,0.8,10.7,58.375
2024-05-26,35.8,24.9,0.0,17.8,43.25
2024-05-27,38.5,24.3,0.0,22.1,38.75
2024-05-28,40.2,24.8,0.0,22.6,32.916666666666664
2024-05-29,39.1,27.5,0.0,26.1,27.958333333333332
2024-05-30,39.0,25.2,0.0,14.8,31.25
2024-05-31,38.2,26.8,0.0,15.1,28.833333333333332
2024-06-01,38.1,25.6,0.0,11.2,33.708333333333336
2024-06-02,35.5,25.6,0.8,12.5,47.291666666666664
2024-06-03,34.3,24.3,0.0,17.9,50.041666666666664
2024-06-04,35.4,24.7,0.1,17.8,46.25
2024-06-05,36.1,24.1,0.2,17.0,44.875
2024-06-06,34.6,24.3,0.8,17.1,48.583333333333336
2024-06-07,35.5,22.9,0.2,14.8,48.875
2024-06-08,35.4,23.2,11.8,15.1,60.041666666666664
2024-06-09,32.6,22.3,1.2,8.2,63.375
2024-06-10,33.8,23.2,0.3,10.7,61.666666666666664
2024-06-11,34.7,22.9,0.2,11.7,51.125
2024-06-12,35.8,24.6,10.8,17.1,56.416666666666664
2024-06-13,34.8,23.9,9.6,21.3,60.125
2024-06-14,34.1,24.4,3.4,18.0,60.125
2024-06-15,35.2,22.5,1.9,19.8,60.041666666666664
2024-06-16,32.7,21.8,2.6,15.8,68.91666666666667
2024-06-17,32.5,24.1,2.0,13.8,66.75
2024-06-18,31.9,23.9,9.2,20.1,71.0
2024-06-19,32.3,23.0,19.2,14.1,73.875
2024-06-20,28.6,22.1,37.4,10.6,86.58333333333333
2024-06-21,27.4,21.2,18.2,9.2,88.54166666666667
2024-06-22,27.5,20.8,11.0,11.9,85.83333333333333
2024-06-23,26.6,20.4,6.2,12.4,85.70833333333333
2024-06-24,26.9,20.3,3.4,12.6,84.625
2024-06-25,29.3,21.2,3.7,11.6,80.33333333333333
2024-06-26,29.4,21.3,10.1,8.3,83.58333333333333
2024-06-27,28.6,20.8,9.7,10.4,84.125
2024-06-28,27.1,21.5,36.1,6.8,88.58333333333333
2024-06-29,28.0,21.7,36.2,8.0,89.08333333333333
2024-06-30,24.5,21.4,12.0,15.0,90.45833333333333
2024-07-01,26.6,21.2,4.9,19.1,84.625
2024-07-02,25.0,20.9,10.0,19.5,86.5
2024-07-03,27.9,20.5,32.8,18.7,86.625
2024-07-04,26.8,20.8,18.5,14.6,87.75
2024-07-05,26.5,20.9,5.1,16.6,88.20833333333333
2024-07-06,26.8,20.5,10.2,15.5,87.79166666666667
2024-07-07,26.3,20.7,10.2,10.9,89.91666666666667
2024-07-08,26.4,20.7,3.6,9.7,87.66666666666667
2024-07-09,28.0,20.4,6.2,11.8,87.875
2024-07-10,27.9,20.3,3.3,11.4,86.66666666666667
2024-07-11,28.4,21.2,17.6,10.4,84.66666666666667
2024-07-12,27.3,21.1,22.2,13.4,89.91666666666667
2024-07-13,28.1,20.9,9.6,10.3,87.125
2024-07-14,27.0,20.6,15.6,10.0,88.625
2024-07-15,27.5,21.0,4.7,13.4,87.20833333333333
2024-07-16,26.7,20.8,4.9,14.6,88.29166666666667
2024-07-17,27.4,21.0,5.5,11.6,86.04166666666667
2024-07-18,26.6,20.5,7.6,9.4,88.54166666666667
2024-07-19,28.5,22.1,1.9,18.2,81.83333333333333
2024-07-20,27.5,21.9,4.0,19.9,83.33333333333333
2024-07-21,26.0,22.0,13.4,15.8,88.125
2024-07-22,26.5,21.1,24.6,10.0,90.58333333333333
2024-07-23,25.8,21.2,23.4,10.0,91.45833333333333
2024-07-24,24.5,21.4,63.6,19.9,91.83333333333333
2024-07-25,27.0,20.9,28.0,14.3,87.66666666666667
2024-07-26,27.7,21.6,11.3,9.2,86.79166666666667
2024-07-27,26.9,21.5,29.7,17.3,91.0
2024-07-28,25.3,20.6,13.3,16.3,92.66666666666667
2024-07-29,25.2,19.7,4.0,11.6,91.5
2024-07-30,26.6,20.9,5.2,7.7,88.29166666666667
2024-07-31,25.0,21.3,17.1,10.3,92.41666666666667
2024-08-01,24.2,20.7,18.3,12.4,88.83333333333333
2024-08-02,23.6,20.7,24.3,22.8,90.33333333333333
2024-08-03,22.1,20.6,55.8,22.4,93.29166666666667
2024-08-04,22.9,19.8,17.5,24.5,93.70833333333333
2024-08-05,26.6,20.0,8.6,11.0,88.04166666666667
2024-08-06,27.2,20.7,7.1,18.0,84.875
2024-08-07,22.6,20.2,51.9,9.5,94.08333333333333
2024-08-08,23.9,20.3,19.9,11.4,91.66666666666667
2024-08-09,24.3,20.0,17.2,10.3,91.45833333333333
2024-08-10,26.3,19.5,12.3,9.7,87.33333333333333
2024-08-11,27.0,20.0,10.7,11.6,86.5
2024-08-12,25.9,20.2,24.3,8.6,88.08333333333333
2024-08-13,27.1,20.1,12.4,10.6,87.45833333333333
2024-08-14,25.7,21.0,28.6,6.9,91.5
2024-08-15,24.7,20.9,23.4,9.4,92.29166666666667
2024-08-16,25.2,20.3,19.0,7.6,90.875
2024-08-17,26.9,20.2,21.6,9.4,88.70833333333333
2024-08-18,27.0,20.1,9.3,8.2,86.83333333333333
2024-08-19,25.8,19.7,28.2,10.8,88.20833333333333
2024-08-20,26.5,20.2,23.7,6.6,90.75
2024-08-21,24.7,20.5,22.1,7.7,90.625
2024-08-22,25.5,20.4,10.5,11.4,89.0
2024-08-23,25.6,20.2,13.0,11.8,88.33333333333333
2024-08-24,22.3,19.8,37.5,13.4,95.875
2024-08-25,21.9,19.1,6.9,16.3,94.66666666666667
2024-08-26,25.4,19.5,10.2,12.4,90.75
2024-08-27,24.9,19.9,15.5,13.0,86.91666666666667
2024-08-28,26.5,19.6,2.9,10.1,83.95833333333333
2024-08-29,26.8,19.5,15.0,11.8,87.5
2024-08-30,27.5,20.2,1.1,11.5,84.5
2024-08-31,27.1,20.7,1.4,17.4,86.0
2024-09-01,27.0,20.4,10.7,16.5,87.91666666666667
2024-09-02,25.7,20.2,7.6,18.0,89.79166666666667
2024-09-03,26.6,20.1,3.6,13.3,85.25
2024-09-04,26.6,20.3,4.3,9.8,86.95833333333333
2024-09-05,26.5,19.7,13.6,7.2,90.29166666666667
2024-09-06,25.1,20.0,3.6,8.9,90.625
2024-09-07,27.8,19.3,3.1,9.6,87.08333333333333
2024-09-08,26.8,20.1,11.7,14.3,86.54166666666667
2024-09-09,27.5,21.0,6.7,18.4,85.91666666666667
2024-09-10,23.0,20.4,38.8,23.7,96.08333333333333
2024-09-11,26.4,19.4,18.4,23.8,92.41666666666667
2024-09-12,26.4,20.1,9.1,16.5,88.16666666666667
2024-09-13,27.1,19.4,4.9,12.2,84.83333333333333
2024-09-14,26.3,19.9,6.1,19.3,83.04166666666667
2024-09-15,24.1,20.2,1.4,20.1,81.625
2024-09-16,25.2,20.3,14.5,31.2,85.83333333333333
2024-09-17,23.1,19.7,10.6,31.0,91.375
2024-09-18,24.4,19.2,2.0,13.1,87.41666666666667
2024-09-19,26.4,18.6,1.2,9.5,79.875
2024-09-20,27.6,19.9,0.7,8.9,75.08333333333333
2024-09-21,27.3,21.1,0.6,10.4,81.08333333333333
2024-09-22,27.9,21.3,2.0,12.5,80.29166666666667
2024-09-23,28.4,21.6,0.4,12.2,79.375
2024-09-24,27.5,20.8,3.9,12.2,85.95833333333333
2024-09-25,24.5,20.4,12.3,11.3,93.875
2024-09-26,21.9,19.9,16.6,13.1,96.95833333333333
2024-09-27,23.3,19.9,20.9,19.8,97.04166666666667
2024-09-28,25.7,20.2,2.1,19.9,87.29166666666667
2024-09-29,27.6,20.2,4.0,14.6,85.58333333333333
2024-09-30,27.6,19.5,1.7,12.7,82.91666666666667
2024-10-01,27.7,19.7,2.2,11.0,83.29166666666667
2024-10-02,28.5,18.4,0.0,18.2,77.29166666666667
2024-10-03,28.1,19.5,0.1,20.3,74.125
2024-10-04,28.5,19.0,0.2,14.0,72.20833333333333
2024-10-05,28.6,17.1,0.0,11.0,68.04166666666667
2024-10-06,27.1,17.0,0.1,12.3,73.04166666666667
2024-10-07,26.3,19.3,0.2,7.6,77.58333333333333
2024-10-08,25.7,19.2,10.6,5.4,84.16666666666667
2024-10-09,26.0,18.6,7.5,9.6,85.66666666666667
2024-10-10,27.2,18.9,4.4,4.9,80.95833333333333
2024-10-11,26.1,19.0,2.0,5.7,82.20833333333333
2024-10-12,25.6,19.3,1.4,8.0,78.95833333333333
2024-10-13,26.6,18.9,0.6,10.5,82.125
2024-10-14,25.7,18.3,7.5,6.3,84.54166666666667
2024-10-15,26.2,19.1,3.2,5.2,80.375
2024-10-16,25.0,19.4,3.4,9.1,82.08333333333333
2024-10-17,26.1,18.4,3.2,7.6,86.91666666666667
2024-10-18,25.6,18.8,1.7,7.2,82.125
2024-10-19,26.6,18.7,0.0,10.1,68.83333333333333
2024-10-20,24.8,18.8,0.8,4.8,72.79166666666667
2024-10-21,26.4,18.3,0.0,10.3,64.75
2024-10-22,25.8,18.0,0.0,12.5,61.083333333333336
2024-10-23,25.3,16.3,0.0,16.9,62.75
2024-10-24,25.5,17.1,0.0,18.4,72.54166666666667
2024-10-25,25.2,17.6,0.0,24.8,79.125
2024-10-26,25.1,16.6,0.0,23.3,76.16666666666667
2024-10-27,24.1,17.8,0.1,14.8,83.0
2024-10-28,24.3,18.8,1.4,10.1,86.91666666666667
2024-10-29,24.6,17.8,1.0,4.8,86.0
2024-10-30,26.0,18.0,0.8,6.0,78.16666666666667
2024-10-31,27.6,18.1,0.0,9.9,63.208333333333336
2024-11-01,27.4,17.1,0.0,8.7,57.25
2024-11-02,25.6,18.5,0.1,8.5,61.083333333333336
2024-11-03,26.3,17.3,0.0,7.8,55.5
2024-11-04,25.2,16.2,0.0,9.2,59.458333333333336
2024-11-05,24.5,15.6,0.0,10.2,62.75
2024-11-06,24.8,16.1,0.0,8.7,64.54166666666667
2024-11-07,24.3,16.4,0.0,7.8,70.20833333333333
2024-11-08,24.2,15.7,0.0,7.5,66.25
2024-11-09,24.0,16.6,0.0,7.3,64.58333333333333
2024-11-10,24.5,16.6,0.0,11.2,64.20833333333333
2024-11-11,24.2,15.7,0.0,9.1,63.583333333333336
2024-11-12,24.2,15.5,0.0,9.8,64.54166666666667
2024-11-13,23.5,14.7,0.0,8.1,58.833333333333336
2024-11-14,23.6,14.9,0.0,8.4,54.916666666666664
2024-11-15,23.1,13.3,0.0,8.9,54.291666666666664
2024-11-16,23.1,13.0,0.0,9.2,58.166666666666664
2024-11-17,23.4,13.5,0.0,9.7,55.25
2024-11-18,22.3,13.5,0.0,11.5,55.125
2024-11-19,22.0,13.4,0.0,10.9,55.208333333333336
2024-11-20,22.0,11.7,0.0,7.3,59.833333333333336
2024-11-21,22.0,12.0,0.0,6.9,60.958333333333336
2024-11-22,22.0,11.4,0.0,5.4,58.875
2024-11-23,22.7,11.7,0.0,9.8,57.041666666666664
2024-11-24,21.7,10.2,0.0,8.9,59.625
2024-11-25,21.6,10.6,0.0,13.4,61.125
2024-11-26,21.9,12.0,0.0,9.7,52.333333333333336
2024-11-27,20.1,11.0,0.0,9.9,52.5
2024-11-28,20.2,10.2,0.0,11.7,52.875
2024-11-29,20.6,9.7,0.0,11.2,62.041666666666664
2024-11-30,21.6,11.2,0.0,10.9,69.375
2024-12-01,20.7,12.6,0.0,10.5,76.58333333333333
2024-12-02,21.6,13.3,0.0,8.4,82.04166666666667
2024-12-03,23.5,14.4,0.0,6.9,81.08333333333333
2024-12-04,24.8,14.2,0.0,8.6,60.5
2024-12-05,25.3,13.1,0.0,11.1,55.5
2024-12-06,23.8,11.9,0.0,13.5,61.458333333333336
2024-12-07,24.1,11.7,0.0,11.5,59.75
2024-12-08,22.6,14.7,0.7,11.8,73.66666666666667
2024-12-09,22.6,12.6,2.0,13.9,66.91666666666667
2024-12-10,20.3,9.3,0.0,14.7,58.708333333333336
2024-12-11,20.0,7.7,0.0,7.9,57.166666666666664
2024-12-12,21.5,8.6,0.0,9.1,56.458333333333336
2024-12-13,20.3,6.6,0.0,11.0,51.125
2024-12-14,21.6,5.2,0.0,10.2,50.375
2024-12-15,21.6,4.8,0.0,10.3,50.791666666666664
2024-12-16,21.4,6.3,0.0,7.8,52.833333333333336
2024-12-17,22.6,9.4,0.0,4.2,47.833333333333336
2024-12-18,21.5,9.2,0.0,6.5,49.708333333333336
2024-12-19,22.0,10.4,0.0,7.7,50.625
2024-12-20,23.5,11.9,1.4,5.1,72.91666666666667
2024-12-21,21.9,12.4,0.8,11.9,80.95833333333333
2024-12-22,20.9,10.6,0.1,10.3,75.58333333333333
2024-12-23,21.7,12.3,0.0,10.8,70.95833333333333
2024-12-24,21.4,11.7,0.0,11.4,69.54166666666667
2024-12-25,21.8,12.2,0.0,9.9,76.91666666666667
2024-12-26,22.7,13.4,0.0,7.1,64.58333333333333
2024-12-27,22.2,13.0,0.0,12.9,71.70833333333333
2024-12-28,22.9,13.7,6.5,13.9,83.75
2024-12-29,22.2,12.0,0.2,9.6,82.16666666666667
2024-12-30,21.5,9.3,0.0,13.3,76.625
2024-12-31,21.6,6.9,0.0,8.2,68.41666666666667
